[
  {
    "id": "794266e1-1666-4417-b095-dc888a5b3460",
    "product_id": "price_free_monthly",
    "provider": "stripe",
    "name": "Free Plan",
    "currency": "CAD",
    "interval": "monthly",
    "price": 0.00,
    "is_active": true,
    "features": [
      "pdf-upload-free",
      "gpt-version-3",
      "audio-quality-free",
      "customization-free",
      "audio-quality-free",
      "usage-limits-free"
    ]
  },
  {
    "id": "f164a60c-04ce-4ff4-a121-cbc02bb1d8f0",
    "product_id": "price_free_yearly",
    "provider": "stripe",
    "name": "Free Plan",
    "interval": "yearly",
    "currency": "CAD",
    "price": 0.00,
    "is_active": true,
    "features": [
      "pdf-upload-free",
      "gpt-version-3",
      "audio-quality-free",
      "customization-free",
      "audio-quality-free",
      "usage-limits-free"
    ]
  },
  {
    "id": "f2f3f562-9fbb-4b00-b6d0-9681b412a3a2",
    "product_id": "price_1NpLIWC0PH1SKZihuQVhdXov",
    "provider": "stripe",
    "name": "Pro Plan",
    "interval": "monthly",
    "currency": "CAD",
    "price": 9.99,
    "is_active": true,
    "features": [
      "pdf-upload-pro",
      "gpt-version-4",
      "audio-quality-pro",
      "customization-pro",
      "audio-quality-pro",
      "usage-limits-pro"
    ]
  },
  {
    "id": "e80a14f5-68d3-44bc-83cd-d4f5601755bc",
    "product_id": "price_1NpLIWC0PH1SKZihOlrNaRVD",
    "provider": "stripe",
    "name": "Pro Plan",
    "interval": "yearly",
    "currency": "CAD",
    "price": 99.99,
    "is_active": true,
    "features": [
      "pdf-upload-pro",
      "gpt-version-4",
      "audio-quality-pro",
      "customization-pro",
      "audio-quality-pro",
      "usage-limits-pro"
    ]
  }
]